Workbook

Sheet 00_README
A1: AI_Early_Warning_Points_Checklist Lite
A2: English Spreadsheet Version v1.1 | Initial governance screening for AI adoption
A4: README / Cover Sheet
A6: Purpose | E6: How to Use
A7: This checklist is a lightweight initial screening tool for identifying early warning points before or during AI adoption. It helps teams check whether additional review may be needed around use-case drift, decision-making influence, data flow, accountability, audit trails, human review, escalation and suspension conditions, and shadow AI use. | E7: 1. Open the Early Warning Points sheet. 2. Select Yes, No, Unknown, or Not applicable for each question. 3. Review the Summary sheet for categories that need attention. 4. Use the Assessment Guide to interpret Red, Yellow, and Green outcomes. 5. Treat Unknown answers as points requiring follow-up.
A12: Important Disclaimer
A13: This file is for initial screening and discussion purposes only. It is not legal advice, a formal audit, a complete risk assessment, or a certification of safety, legality, or compliance. Organizations should adapt the checklist to their sector, jurisdiction, internal policies, data protection requirements, security requirements, and applicable AI governance obligations. Red, Yellow, and Green outcomes are indicative prompts for follow-up, not final determinations.
A18: Credits | E18: Workbook Guide
A19: Original concept and checklist: Ryoji Inoue Spreadsheet support: Venkata Pingali Research project: PolicyPhantom / AIBL Research Unit Date: June 2026 | E19: 00_README: Purpose, use, disclaimer, and credits Early Warning Points: Main response sheet Summary: Category-level and overall screening summary Assessment Guide: Interpretation of Red / Yellow / Green outcomes Lists: Answer options and internal reference lists
A25: Recommended Use Boundary
A26: Use this checklist at the early stage of AI tool adoption, before full-scale assessment or implementation planning. If the checklist identifies decision-making influence, sensitive data flow, unclear accountability, weak recordkeeping, ineffective human review, missing escalation or suspension conditions, or shadow AI use, the organization should conduct further review with relevant legal, compliance, privacy, security, risk, operational, or business stakeholders.

Sheet Early Warning Points
A1: No. | B1: Early Warning Point | C1: Question | D1: Answer | E1: Trigger Rule | F1: Needs Attention? | G1: Owner / Dept. | H1: Evidence / Notes | I1: Initial Assessment Note
A2: 1-1 | B2: Use-Case Drift | C2: Was the AI introduced for support tasks such as drafting, summarization, search, or information organization? | E2: Info | F2: =IF(D2="","",IF(E2="Info","No",IF(E2="Yes or Unknown",IF(OR(D2="Yes",D2="Unknown"),"Yes","No"),IF(E2="No or Unknown",IF(OR(D2="No",D2="Unknown"),"Yes","No"),"No")))) | I2: If the answer to 1-2 or 1-3 is Yes or Unknown, the AI use may have shifted beyond its original support purpose, or the actual use may not yet be sufficiently understood. Confirm the actual use case, responsible department, and whether further review is needed.
A3: 1-2 | B3: Use-Case Drift | C3: In actual use, are AI outputs being used as references for evaluation, selection, prioritization, approval, or decision support? | E3: Yes or Unknown | F3: =IF(D3="","",IF(E3="Info","No",IF(E3="Yes or Unknown",IF(OR(D3="Yes",D3="Unknown"),"Yes","No"),IF(E3="No or Unknown",IF(OR(D3="No",D3="Unknown"),"Yes","No"),"No")))) | I3: If the answer to 1-2 or 1-3 is Yes or Unknown, the AI use may have shifted beyond its original support purpose, or the actual use may not yet be sufficiently understood. Confirm the actual use case, responsible department, and whether further review is needed.
A4: 1-3 | B4: Use-Case Drift | C4: Is there a gap between the original intended use and the way the AI is currently being used? | E4: Yes or Unknown | F4: =IF(D4="","",IF(E4="Info","No",IF(E4="Yes or Unknown",IF(OR(D4="Yes",D4="Unknown"),"Yes","No"),IF(E4="No or Unknown",IF(OR(D4="No",D4="Unknown"),"Yes","No"),"No")))) | I4: If the answer to 1-2 or 1-3 is Yes or Unknown, the AI use may have shifted beyond its original support purpose, or the actual use may not yet be sufficiently understood. Confirm the actual use case, responsible department, and whether further review is needed.
A5: 2-1 | B5: AI Involvement in Decision-Making | C5: Are AI outputs used in customer response, personnel evaluation, recruitment, screening, credit-related review, education assessment, or similar processes? | E5: Yes or Unknown | F5: =IF(D5="","",IF(E5="Info","No",IF(E5="Yes or Unknown",IF(OR(D5="Yes",D5="Unknown"),"Yes","No"),IF(E5="No or Unknown",IF(OR(D5="No",D5="Unknown"),"Yes","No"),"No")))) | I5: If the answer to any question in this category is Yes or Unknown, the AI use may be involved in high-impact decision-making. Confirm whether human review, accountability lines, and review routes are clearly established.
A6: 2-2 | B6: AI Involvement in Decision-Making | C6: Do AI suggestions, summaries, rankings, or recommendations strongly influence the final decision made by a human? | E6: Yes or Unknown | F6: =IF(D6="","",IF(E6="Info","No",IF(E6="Yes or Unknown",IF(OR(D6="Yes",D6="Unknown"),"Yes","No"),IF(E6="No or Unknown",IF(OR(D6="No",D6="Unknown"),"Yes","No"),"No")))) | I6: If the answer to any question in this category is Yes or Unknown, the AI use may be involved in high-impact decision-making. Confirm whether human review, accountability lines, and review routes are clearly established.
A7: 2-3 | B7: AI Involvement in Decision-Making | C7: Could the use of AI outputs lead to disadvantage, exclusion, lower evaluation, delayed response, or other negative effects for customers, employees, applicants, users, or other individuals? | E7: Yes or Unknown | F7: =IF(D7="","",IF(E7="Info","No",IF(E7="Yes or Unknown",IF(OR(D7="Yes",D7="Unknown"),"Yes","No"),IF(E7="No or Unknown",IF(OR(D7="No",D7="Unknown"),"Yes","No"),"No")))) | I7: If the answer to any question in this category is Yes or Unknown, the AI use may be involved in high-impact decision-making. Confirm whether human review, accountability lines, and review routes are clearly established.
A8: 3-1 | B8: Data Flow and Input Risks | C8: Is there any possibility that personal information, customer information, business partner information, internal confidential information, or unpublished information is entered into the AI tool? | E8: Yes or Unknown | F8: =IF(D8="","",IF(E8="Info","No",IF(E8="Yes or Unknown",IF(OR(D8="Yes",D8="Unknown"),"Yes","No"),IF(E8="No or Unknown",IF(OR(D8="No",D8="Unknown"),"Yes","No"),"No")))) | I8: If the answer to 3-1 is Yes or Unknown, or if the answer to 3-2 or 3-3 is No or Unknown, further confirmation is needed. Review the data type, service terms, internal rules, and security or privacy requirements.
A9: 3-2 | B9: Data Flow and Input Risks | C9: Has the organization confirmed where data entered into an external AI service is stored and how it is handled? | E9: No or Unknown | F9: =IF(D9="","",IF(E9="Info","No",IF(E9="Yes or Unknown",IF(OR(D9="Yes",D9="Unknown"),"Yes","No"),IF(E9="No or Unknown",IF(OR(D9="No",D9="Unknown"),"Yes","No"),"No")))) | I9: If the answer to 3-1 is Yes or Unknown, or if the answer to 3-2 or 3-3 is No or Unknown, further confirmation is needed. Review the data type, service terms, internal rules, and security or privacy requirements.
A10: 3-3 | B10: Data Flow and Input Risks | C10: Are there written rules on what information may or may not be entered into AI tools? | E10: No or Unknown | F10: =IF(D10="","",IF(E10="Info","No",IF(E10="Yes or Unknown",IF(OR(D10="Yes",D10="Unknown"),"Yes","No"),IF(E10="No or Unknown",IF(OR(D10="No",D10="Unknown"),"Yes","No"),"No")))) | I10: If the answer to 3-1 is Yes or Unknown, or if the answer to 3-2 or 3-3 is No or Unknown, further confirmation is needed. Review the data type, service terms, internal rules, and security or privacy requirements.
A11: 4-1 | B11: Accountability Lines and Risk Ownership | C11: Is it clear which person or department approved the AI use? | E11: No or Unknown | F11: =IF(D11="","",IF(E11="Info","No",IF(E11="Yes or Unknown",IF(OR(D11="Yes",D11="Unknown"),"Yes","No"),IF(E11="No or Unknown",IF(OR(D11="No",D11="Unknown"),"Yes","No"),"No")))) | I11: If the answer to any question in this category is No or Unknown, accountability lines may be unclear. Clarify approval authority, final decision responsibility, escalation routes, and risk ownership.
A12: 4-2 | B12: Accountability Lines and Risk Ownership | C12: When AI outputs are used in a decision, is it clear who is responsible for the final decision? | E12: No or Unknown | F12: =IF(D12="","",IF(E12="Info","No",IF(E12="Yes or Unknown",IF(OR(D12="Yes",D12="Unknown"),"Yes","No"),IF(E12="No or Unknown",IF(OR(D12="No",D12="Unknown"),"Yes","No"),"No")))) | I12: If the answer to any question in this category is No or Unknown, accountability lines may be unclear. Clarify approval authority, final decision responsibility, escalation routes, and risk ownership.
A13: 4-3 | B13: Accountability Lines and Risk Ownership | C13: If an error, complaint, or incident occurs, is it clear who will explain, respond, and take ownership of the risk? | E13: No or Unknown | F13: =IF(D13="","",IF(E13="Info","No",IF(E13="Yes or Unknown",IF(OR(D13="Yes",D13="Unknown"),"Yes","No"),IF(E13="No or Unknown",IF(OR(D13="No",D13="Unknown"),"Yes","No"),"No")))) | I13: If the answer to any question in this category is No or Unknown, accountability lines may be unclear. Clarify approval authority, final decision responsibility, escalation routes, and risk ownership.
... A25: 8-3 | B25: Shadow AI Use | C25: Is there a mechanism for employees to report, consult about, or inventory AI tools they are using because they are convenient for work? | E25: No or Unknown | F25: =IF(D25="","",IF(E25="Info","No",IF(E25="Yes or Unknown",IF(OR(D25="Yes",D25="Unknown"),"Yes","No"),IF(E25="No or Unknown",IF(OR(D25="No",D25="Unknown"),"Yes","No"),"No")))) | I25: If the answer to 8-1, 8-2, or 8-3 is No or Unknown, shadow AI use may exist or may be difficult to detect. Confirm actual tool use, approved and unapproved services, and whether employees have a safe route to disclose or consult about AI use.

Sheet Summary
A1: AI Adoption Early Screening — Summary
A3: Generated from | B3: Based on the AI Adoption Early Screening Checklist Lite developed by Ryoji Inoue.
A4: Checklist version | B4: AI_Early_Warning_Points_Checklist Lite v1.1 (English spreadsheet version)
A5: Scope | B5: Eight Early Warning Points Before Full-Scale Assessment
A6: Prepared on | B6: 2026-06-28
A7: Instructions | B7: Select an answer for each question on the Early Warning Points sheet. Use this summary to review categories that need attention.
A9: Early Warning Point | B9: Questions | C9: Answered | D9: Needs Attention | E9: Unknown Answers | F9: Category Status
A10: Use-Case Drift | B10: =COUNTIF('Early Warning Points'!$B:$B,A10) -> 3 | C10: =COUNTIFS('Early Warning Points'!$B:$B,A10,'Early Warning Points'!$D:$D,"<>") -> 0 | D10: =COUNTIFS('Early Warning Points'!$B:$B,A10,'Early Warning Points'!$F:$F,"Yes") -> 0 | E10: =COUNTIFS('Early Warning Points'!$B:$B,A10,'Early Warning Points'!$D:$D,"Unknown") -> 0 | F10: =IF(D10>0,"Needs Attention",IF(C10<B10,"Incomplete","OK")) -> Incomplete
A11: AI Involvement in Decision-Making | B11: =COUNTIF('Early Warning Points'!$B:$B,A11) -> 3 | C11: =COUNTIFS('Early Warning Points'!$B:$B,A11,'Early Warning Points'!$D:$D,"<>") -> 0 | D11: =COUNTIFS('Early Warning Points'!$B:$B,A11,'Early Warning Points'!$F:$F,"Yes") -> 0 | E11: =COUNTIFS('Early Warning Points'!$B:$B,A11,'Early Warning Points'!$D:$D,"Unknown") -> 0 | F11: =IF(D11>0,"Needs Attention",IF(C11<B11,"Incomplete","OK")) -> Incomplete
A12: Data Flow and Input Risks | B12: =COUNTIF('Early Warning Points'!$B:$B,A12) -> 3 | C12: =COUNTIFS('Early Warning Points'!$B:$B,A12,'Early Warning Points'!$D:$D,"<>") -> 0 | D12: =COUNTIFS('Early Warning Points'!$B:$B,A12,'Early Warning Points'!$F:$F,"Yes") -> 0 | E12: =COUNTIFS('Early Warning Points'!$B:$B,A12,'Early Warning Points'!$D:$D,"Unknown") -> 0 | F12: =IF(D12>0,"Needs Attention",IF(C12<B12,"Incomplete","OK")) -> Incomplete
A13: Accountability Lines and Risk Ownership | B13: =COUNTIF('Early Warning Points'!$B:$B,A13) -> 3 | C13: =COUNTIFS('Early Warning Points'!$B:$B,A13,'Early Warning Points'!$D:$D,"<>") -> 0 | D13: =COUNTIFS('Early Warning Points'!$B:$B,A13,'Early Warning Points'!$F:$F,"Yes") -> 0 | E13: =COUNTIFS('Early Warning Points'!$B:$B,A13,'Early Warning Points'!$D:$D,"Unknown") -> 0 | F13: =IF(D13>0,"Needs Attention",IF(C13<B13,"Incomplete","OK")) -> Incomplete
A14: Audit Trail Gaps | B14: =COUNTIF('Early Warning Points'!$B:$B,A14) -> 3 | C14: =COUNTIFS('Early Warning Points'!$B:$B,A14,'Early Warning Points'!$D:$D,"<>") -> 0 | D14: =COUNTIFS('Early Warning Points'!$B:$B,A14,'Early Warning Points'!$F:$F,"Yes") -> 0 | E14: =COUNTIFS('Early Warning Points'!$B:$B,A14,'Early Warning Points'!$D:$D,"Unknown") -> 0 | F14: =IF(D14>0,"Needs Attention",IF(C14<B14,"Incomplete","OK")) -> Incomplete
A15: Human Review Becoming a Formality | B15: =COUNTIF('Early Warning Points'!$B:$B,A15) -> 3 | C15: =COUNTIFS('Early Warning Points'!$B:$B,A15,'Early Warning Points'!$D:$D,"<>") -> 0 | D15: =COUNTIFS('Early Warning Points'!$B:$B,A15,'Early Warning Points'!$F:$F,"Yes") -> 0 | E15: =COUNTIFS('Early Warning Points'!$B:$B,A15,'Early Warning Points'!$D:$D,"Unknown") -> 0 | F15: =IF(D15>0,"Needs Attention",IF(C15<B15,"Incomplete","OK")) -> Incomplete
A16: Review, Escalation, and Suspension Conditions | B16: =COUNTIF('Early Warning Points'!$B:$B,A16) -> 3 | C16: =COUNTIFS('Early Warning Points'!$B:$B,A16,'Early Warning Points'!$D:$D,"<>") -> 0 | D16: =COUNTIFS('Early Warning Points'!$B:$B,A16,'Early Warning Points'!$F:$F,"Yes") -> 0 | E16: =COUNTIFS('Early Warning Points'!$B:$B,A16,'Early Warning Points'!$D:$D,"Unknown") -> 0 | F16: =IF(D16>0,"Needs Attention",IF(C16<B16,"Incomplete","OK")) -> Incomplete
A17: Shadow AI Use | B17: =COUNTIF('Early Warning Points'!$B:$B,A17) -> 3 | C17: =COUNTIFS('Early Warning Points'!$B:$B,A17,'Early Warning Points'!$D:$D,"<>") -> 0 | D17: =COUNTIFS('Early Warning Points'!$B:$B,A17,'Early Warning Points'!$F:$F,"Yes") -> 0 | E17: =COUNTIFS('Early Warning Points'!$B:$B,A17,'Early Warning Points'!$D:$D,"Unknown") -> 0 | F17: =IF(D17>0,"Needs Attention",IF(C17<B17,"Incomplete","OK")) -> Incomplete
A19: Total Questions | B19: =COUNTA('Early Warning Points'!$A$2:$A$25) -> 24
A20: Answered | B20: =COUNTIF('Early Warning Points'!$D$2:$D$25,"<>") -> 0
A21: Questions Needing Attention | B21: =COUNTIF('Early Warning Points'!$F$2:$F$25,"Yes") -> 0
A22: Unknown Answers | B22: =COUNTIF('Early Warning Points'!$D$2:$D$25,"Unknown") -> 0
A23: Suggested Overall Outcome | B23: =IF(B21>=3,"Red",IF(OR(B21>0,B22>0,B20<B19),"Yellow","Green")) -> Yellow
A24: Source note | B24: Initial screening tool for discussion and follow-up. Not legal advice, formal audit, complete risk assessment, or compliance certification.

Sheet Assessment Guide
A1: Assessment Guide
A3: Outcome | B3: When to consider it | C3: Recommended action | D3: Important note
A4: Red: Further Review Required | B4: Use may influence decisions affecting individuals; may involve sensitive or confidential data; external AI service handling is unclear; accountability, records, review, escalation, or ownership are unclear; multiple categories need confirmation; multiple Unknowns; AI use is spreading without clear visibility; shadow AI may exist. | C4: Do not treat the AI use as fully controlled. Confirm actual use case, data flow, accountability lines, human review process, recordkeeping, and escalation routes. Consider consulting legal, compliance, security, privacy, or other relevant experts. | D4: This is an initial screening outcome, not a formal risk rating.
A5: Yellow: Caution / Follow-Up Needed | B5: Some Unknowns exist; no immediate high-impact use has been confirmed; rules or responsible persons exist but practice is not confirmed; records, human review, reporting, or suspension procedures are partial; intended and actual use may not fully align; AI use is expanding without regular review. | C5: Clarify unclear points and perform follow-up checks. Update internal rules, usage guidance, recordkeeping practices, and review routes where necessary. Monitor for expansion into decision-related or higher-impact processes. | D5: Do not rely only on the color outcome. Unknown answers should be treated as follow-up signals, not as neutral or low-risk answers.
A6: Green: Currently Lower-Risk | B6: Purpose and scope are clear; AI use is limited to support tasks; rules exist for information entry; accountability and final decision responsibility are clear; human review is meaningful; necessary records can be kept; escalation and restart routes exist; approved tools are understood. | C6: Continue monitoring and review periodically, especially when tool, business process, model capability, service terms, or organizational use case changes. | D6: Green is not a certification of safety, legality, compliance, or low risk.

Sheet Lists
A1: Answer Options | C1: Trigger Type | D1: Meaning | F1: Color Outcome | G1: Meaning
A2: Yes | C2: Yes or Unknown | D2: Needs attention when answer is Yes or Unknown | F2: Red | G2: Further Review Required
A3: No | C3: No or Unknown | D3: Needs attention when answer is No or Unknown | F3: Yellow | G3: Caution / Follow-Up Needed
A4: Unknown | C4: Info | D4: Context question; does not automatically trigger attention | F4: Green | G4: Currently Lower-Risk
A5: Not applicable
